id,platform_order_id,user_id,shop_id,delivery_tracking_number,status,purchase_timestamp,shipment_timestamp,to_deliver_timestamp,delivery_timestamp,to_notify_timestamp,notification_timestamp
1,1,22,3,,STALLED,2014-09-16 15:20:52,,,,,
2,2,23,3,,LEGACY,2014-11-12 14:30:08,2014-11-13 16:32:14,2014-11-18 16:32:14,2014-11-18 16:32:14,2014-11-21 16:32:14,2014-11-21 16:32:14
3,5,24,3,,STALLED,2014-11-13 11:26:25,,,,,
4,6,24,3,,STALLED,2014-11-13 11:36:11,,,,,
5,7,24,3,,STALLED,2014-11-13 11:37:22,,,,,
6,8,24,3,,STALLED,2014-11-13 11:41:44,,,,,
7,9,24,3,,STALLED,2014-11-13 11:43:44,,,,,
8,10,24,3,,STALLED,2014-11-13 11:45:16,,,,,
9,11,24,3,,STALLED,2014-11-13 11:47:03,,,,,
10,12,24,3,,STALLED,2014-11-13 12:21:27,,,,,
11,13,24,3,,STALLED,2014-11-13 12:24:26,,,,,
12,14,24,3,,STALLED,2014-11-13 12:27:39,,,,,
13,15,25,3,,STALLED,2014-11-13 12:37:25,,,,,
14,16,24,3,,STALLED,2014-11-13 13:39:28,,,,,
15,17,24,3,,STALLED,2014-11-13 13:41:21,,,,,
16,18,24,3,,STALLED,2014-11-13 16:25:16,,,,,
17,19,24,3,,STALLED,2014-11-13 16:26:48,,,,,
18,20,25,3,,FAILED,2014-11-13 16:42:04,,,,,
19,21,25,3,,STALLED,2014-11-13 16:43:29,,,,,
20,22,26,3,,STALLED,2014-11-22 23:15:52,,,,,
21,23,27,3,,LEGACY,2014-11-28 21:34:04,2014-11-29 14:56:59,2014-12-04 14:56:59,2014-12-04 14:56:59,2014-12-07 14:56:59,2014-12-07 14:56:59
22,24,28,3,,LEGACY,2014-11-30 16:28:04,2014-12-02 17:33:37,2014-12-07 17:33:37,2014-12-07 17:33:37,2014-12-10 17:33:37,2014-12-10 17:33:37
23,25,29,3,,STALLED,2014-12-03 14:56:05,,,,,
24,26,24,3,,FAILED,2014-12-04 16:46:19,,,,,
25,27,30,3,,STALLED,2014-12-04 20:18:02,,,,,
26,28,31,3,,STALLED,2014-12-05 22:06:31,,,,,
27,29,32,3,,STALLED,2014-12-06 18:10:12,,,,,
28,30,25,3,,FAILED,2014-12-08 10:39:18,,,,,
29,31,33,3,,STALLED,2014-12-08 10:42:00,,,,,
30,32,33,3,,STALLED,2014-12-08 10:56:04,,,,,
31,34,34,3,,STALLED,2014-12-08 15:19:53,,,,,
32,35,35,3,,STALLED,2014-12-08 21:45:51,,,,,
33,37,36,3,,STALLED,2014-12-10 09:17:59,,,,,
34,38,37,3,,STALLED,2014-12-10 13:09:58,,,,,
35,39,38,3,,STALLED,2014-12-12 11:41:49,,,,,
36,40,33,3,,LEGACY,2014-12-15 10:12:03,2014-12-15 10:34:44,2014-12-20 10:34:44,2014-12-20 10:34:44,2014-12-23 10:34:44,2014-12-23 10:34:44
37,41,39,3,,LEGACY,2014-12-15 14:45:41,2014-12-15 16:51:56,2014-12-20 16:51:56,2014-12-20 16:51:56,2014-12-23 16:51:56,2014-12-23 16:51:56
38,42,40,3,,LEGACY,2014-12-17 16:25:37,2014-12-18 12:57:44,2014-12-23 12:57:44,2014-12-23 12:57:44,2014-12-26 12:57:44,2014-12-26 12:57:44
39,43,41,3,,LEGACY,2014-12-19 09:06:37,2014-12-19 12:02:48,2014-12-24 12:02:48,2014-12-24 12:02:48,2014-12-27 12:02:48,2014-12-27 12:02:48
40,44,42,3,,LEGACY,2014-12-20 13:09:02,2014-12-20 14:40:38,2014-12-25 14:40:38,2014-12-25 14:40:38,2014-12-28 14:40:38,2014-12-28 14:40:38
41,45,43,3,,LEGACY,2014-12-20 13:42:23,2014-12-20 14:48:04,2014-12-25 14:48:04,2014-12-25 14:48:04,2014-12-28 14:48:04,2014-12-28 14:48:04
42,46,44,3,,LEGACY,2014-12-22 03:07:01,2014-12-22 14:05:12,2014-12-27 14:05:12,2014-12-27 14:05:12,2014-12-30 14:05:12,2014-12-30 14:05:12
43,47,24,3,,STALLED,2014-12-22 09:40:41,,,,,
44,48,25,3,,STALLED,2015-01-15 15:43:36,,,,,
45,49,45,3,,LEGACY,2015-01-16 11:35:07,2015-01-16 14:00:21,2015-01-21 14:00:21,2015-01-21 14:00:21,2015-01-24 14:00:21,2015-01-24 14:00:21
46,50,46,3,,LEGACY,2015-01-19 20:26:18,2015-01-22 11:05:19,2015-01-27 11:05:19,2015-01-27 11:05:19,2015-01-30 11:05:19,2015-01-30 11:05:19
47,51,25,3,,LEGACY,2015-01-22 11:20:17,2015-01-22 11:22:04,2015-01-27 11:22:04,2015-01-27 11:22:04,2015-01-30 11:22:04,2015-01-30 11:22:04
48,52,25,3,,STALLED,2015-01-23 12:04:35,,,,,
49,53,47,3,,LEGACY,2015-01-28 14:36:40,2015-01-29 11:18:09,2015-02-03 11:18:09,2015-02-03 11:18:09,2015-02-06 11:18:09,2015-02-06 11:18:09
50,54,25,3,,LEGACY,2015-01-29 18:37:25,2015-02-05 14:46:04,2015-02-10 14:46:04,2015-02-10 14:46:04,2015-02-13 14:46:04,2015-02-13 14:46:04
51,55,48,3,,LEGACY,2015-02-13 17:23:39,2015-02-14 13:06:35,2015-02-19 13:06:35,2015-02-19 13:06:35,2015-02-22 13:06:35,2015-02-22 13:06:35
52,56,49,3,,FAILED,2015-02-21 18:39:43,,,,,
53,57,49,3,,STALLED,2015-02-21 18:41:30,,,,,
54,58,50,3,,STALLED,2015-02-25 11:03:27,,,,,
55,59,51,3,,LEGACY,2015-02-25 22:25:57,2015-02-26 10:11:22,2015-03-03 10:11:22,2015-03-03 10:11:22,2015-03-06 10:11:22,2015-03-06 10:11:22
56,60,50,3,,LEGACY,2015-02-26 14:00:57,2015-02-26 14:09:50,2015-03-03 14:09:50,2015-03-03 14:09:50,2015-03-06 14:09:50,2015-03-06 14:09:50
57,61,33,3,,LEGACY,2015-02-27 11:13:06,2015-02-27 11:17:03,2015-03-04 11:17:03,2015-03-04 11:17:03,2015-03-07 11:17:03,2015-03-07 11:17:03
58,62,52,3,,STALLED,2015-02-27 11:40:25,,,,,
59,63,53,3,,LEGACY,2015-02-28 10:33:49,2015-03-02 10:25:19,2015-03-07 10:25:19,2015-03-07 10:25:19,2015-03-10 10:25:19,2015-03-10 10:25:19
60,64,54,3,,LEGACY,2015-03-01 08:54:11,2015-03-02 10:27:38,2015-03-07 10:27:38,2015-03-07 10:27:38,2015-03-10 10:27:38,2015-03-10 10:27:38
61,65,55,3,,LEGACY,2015-03-01 13:15:26,2015-03-02 10:28:22,2015-03-07 10:28:22,2015-03-07 10:28:22,2015-03-10 10:28:22,2015-03-10 10:28:22
62,66,56,3,,STALLED,2015-03-01 15:20:52,,,,,
63,67,57,3,,STALLED,2015-03-02 10:31:25,,,,,
64,68,58,3,,LEGACY,2015-03-03 12:56:19,2015-03-03 16:08:43,2015-03-08 16:08:43,2015-03-08 16:08:43,2015-03-11 16:08:43,2015-03-11 16:08:43
65,69,59,3,,LEGACY,2015-03-05 10:37:59,2015-03-05 15:40:19,2015-03-10 15:40:19,2015-03-10 15:40:19,2015-03-13 15:40:19,2015-03-13 15:40:19
66,71,60,3,,LEGACY,2015-03-09 20:39:46,2015-03-13 17:12:23,2015-03-18 17:12:23,2015-03-18 17:12:23,2015-03-21 17:12:23,2015-03-21 17:12:23
67,72,61,3,,LEGACY,2015-03-10 14:37:07,2015-03-13 17:12:35,2015-03-18 17:12:35,2015-03-18 17:12:35,2015-03-21 17:12:35,2015-03-21 17:12:35
68,73,62,3,,LEGACY,2015-03-13 11:22:40,2015-03-13 17:12:10,2015-03-18 17:12:10,2015-03-18 17:12:10,2015-03-21 17:12:10,2015-03-21 17:12:10
69,74,63,3,,LEGACY,2015-03-20 10:12:21,2015-03-21 09:45:38,2015-03-26 09:45:38,2015-03-26 09:45:38,2015-03-29 09:45:38,2015-03-29 09:45:38
70,75,64,3,,LEGACY,2015-03-27 16:41:12,2015-03-28 10:27:35,2015-04-02 10:27:35,2015-04-02 10:27:35,2015-04-05 10:27:35,2015-04-05 10:27:35
71,76,65,3,,LEGACY,2015-04-01 14:07:17,2015-04-02 08:52:02,2015-04-07 08:52:02,2015-04-07 08:52:02,2015-04-10 08:52:02,2015-04-10 08:52:02
72,77,66,3,,LEGACY,2015-04-01 14:30:56,2015-04-04 11:52:46,2015-04-09 11:52:46,2015-04-09 11:52:46,2015-04-12 11:52:46,2015-04-12 11:52:46
73,78,67,3,,LEGACY,2015-04-02 13:29:18,2015-04-02 13:32:18,2015-04-07 13:32:18,2015-04-07 13:32:18,2015-04-10 13:32:18,2015-04-10 13:32:18
74,79,68,3,,LEGACY,2015-04-29 12:26:49,2015-05-02 16:22:44,2015-05-07 16:22:44,2015-05-07 16:22:44,2015-05-10 16:22:44,2015-05-10 16:22:44
75,80,69,3,,LEGACY,2015-04-29 12:30:55,2015-05-02 09:33:28,2015-05-07 09:33:28,2015-05-07 09:33:28,2015-05-10 09:33:28,2015-05-10 09:33:28
76,81,70,3,,LEGACY,2015-04-29 12:32:05,2015-05-02 16:21:20,2015-05-07 16:21:20,2015-05-07 16:21:20,2015-05-10 16:21:20,2015-05-10 16:21:20
77,82,71,3,,LEGACY,2015-04-29 12:36:51,2015-05-02 16:20:14,2015-05-07 16:20:14,2015-05-07 16:20:14,2015-05-10 16:20:14,2015-05-10 16:20:14
78,83,72,3,,LEGACY,2015-04-29 12:43:44,2015-05-02 16:19:00,2015-05-07 16:19:00,2015-05-07 16:19:00,2015-05-10 16:19:00,2015-05-10 16:19:00
79,84,73,3,,LEGACY,2015-04-29 12:47:58,2015-05-02 16:17:34,2015-05-07 16:17:34,2015-05-07 16:17:34,2015-05-10 16:17:34,2015-05-10 16:17:34
80,85,74,3,,LEGACY,2015-04-29 12:57:48,2015-05-02 16:15:49,2015-05-07 16:15:49,2015-05-07 16:15:49,2015-05-10 16:15:49,2015-05-10 16:15:49
81,86,75,3,,LEGACY,2015-04-29 13:05:45,2015-05-02 16:14:29,2015-05-07 16:14:29,2015-05-07 16:14:29,2015-05-10 16:14:29,2015-05-10 16:14:29
82,87,76,3,,LEGACY,2015-04-29 13:29:36,2015-05-02 16:13:09,2015-05-07 16:13:09,2015-05-07 16:13:09,2015-05-10 16:13:09,2015-05-10 16:13:09
83,88,77,3,,LEGACY,2015-04-29 13:29:49,2015-05-02 16:11:34,2015-05-07 16:11:34,2015-05-07 16:11:34,2015-05-10 16:11:34,2015-05-10 16:11:34
84,89,78,3,,STALLED,2015-04-29 13:31:03,,,,,
85,90,79,3,,FAILED,2015-04-29 13:35:04,,,,,
86,91,78,3,,LEGACY,2015-04-29 13:35:56,2015-05-02 16:10:14,2015-05-07 16:10:14,2015-05-07 16:10:14,2015-05-10 16:10:14,2015-05-10 16:10:14
87,92,80,3,,LEGACY,2015-04-29 13:48:13,2015-05-02 16:08:56,2015-05-07 16:08:56,2015-05-07 16:08:56,2015-05-10 16:08:56,2015-05-10 16:08:56
88,93,81,3,,LEGACY,2015-04-29 14:01:08,2015-05-02 16:07:38,2015-05-07 16:07:38,2015-05-07 16:07:38,2015-05-10 16:07:38,2015-05-10 16:07:38
89,94,82,3,,LEGACY,2015-04-29 14:40:55,2015-05-02 16:05:53,2015-05-07 16:05:53,2015-05-07 16:05:53,2015-05-10 16:05:53,2015-05-10 16:05:53
90,95,83,3,,LEGACY,2015-04-29 14:56:55,2015-05-02 16:04:41,2015-05-07 16:04:41,2015-05-07 16:04:41,2015-05-10 16:04:41,2015-05-10 16:04:41
91,96,84,3,,LEGACY,2015-04-29 14:58:50,2015-05-02 16:03:25,2015-05-07 16:03:25,2015-05-07 16:03:25,2015-05-10 16:03:25,2015-05-10 16:03:25
92,97,85,3,,LEGACY,2015-04-29 15:28:58,2015-05-02 16:02:18,2015-05-07 16:02:18,2015-05-07 16:02:18,2015-05-10 16:02:18,2015-05-10 16:02:18
93,98,86,3,,LEGACY,2015-04-29 16:03:12,2015-05-02 16:00:49,2015-05-07 16:00:49,2015-05-07 16:00:49,2015-05-10 16:00:49,2015-05-10 16:00:49
94,99,87,3,,LEGACY,2015-04-29 16:04:20,2015-05-02 15:58:37,2015-05-07 15:58:37,2015-05-07 15:58:37,2015-05-10 15:58:37,2015-05-10 15:58:37
95,100,88,3,,LEGACY,2015-04-29 16:08:51,2015-05-02 15:57:22,2015-05-07 15:57:22,2015-05-07 15:57:22,2015-05-10 15:57:22,2015-05-10 15:57:22
96,101,89,3,,LEGACY,2015-04-29 16:20:23,2015-05-02 15:56:03,2015-05-07 15:56:03,2015-05-07 15:56:03,2015-05-10 15:56:03,2015-05-10 15:56:03
97,102,90,3,,LEGACY,2015-04-29 17:33:02,2015-05-02 15:54:30,2015-05-07 15:54:30,2015-05-07 15:54:30,2015-05-10 15:54:30,2015-05-10 15:54:30
98,103,91,3,,LEGACY,2015-04-29 18:12:49,2015-05-02 15:53:05,2015-05-07 15:53:05,2015-05-07 15:53:05,2015-05-10 15:53:05,2015-05-10 15:53:05
99,104,92,3,,LEGACY,2015-04-29 20:02:08,2015-05-02 15:49:05,2015-05-07 15:49:05,2015-05-07 15:49:05,2015-05-10 15:49:05,2015-05-10 15:49:05
100,105,93,3,,LEGACY,2015-04-29 20:07:50,2015-05-02 15:48:31,2015-05-07 15:48:31,2015-05-07 15:48:31,2015-05-10 15:48:31,2015-05-10 15:48:31
101,107,94,3,,FAILED,2015-04-30 04:39:27,,,,,
102,108,94,3,,FAILED,2015-04-30 04:41:49,,,,,
103,109,95,3,,LEGACY,2015-04-30 09:46:06,2015-05-02 15:43:58,2015-05-07 15:43:58,2015-05-07 15:43:58,2015-05-10 15:43:58,2015-05-10 15:43:58
104,110,96,3,,LEGACY,2015-04-30 10:54:19,2015-05-02 15:42:17,2015-05-07 15:42:17,2015-05-07 15:42:17,2015-05-10 15:42:17,2015-05-10 15:42:17
105,111,97,3,,LEGACY,2015-04-30 12:52:08,2015-05-02 15:40:41,2015-05-07 15:40:41,2015-05-07 15:40:41,2015-05-10 15:40:41,2015-05-10 15:40:41
106,112,98,3,,LEGACY,2015-04-30 13:46:49,2015-05-02 15:40:13,2015-05-07 15:40:13,2015-05-07 15:40:13,2015-05-10 15:40:13,2015-05-10 15:40:13
107,113,99,3,,LEGACY,2015-04-30 14:11:38,2015-05-02 15:37:27,2015-05-07 15:37:27,2015-05-07 15:37:27,2015-05-10 15:37:27,2015-05-10 15:37:27
108,114,100,3,,LEGACY,2015-04-30 16:05:14,2015-05-02 15:36:02,2015-05-07 15:36:02,2015-05-07 15:36:02,2015-05-10 15:36:02,2015-05-10 15:36:02
109,115,101,3,,LEGACY,2015-04-30 18:56:35,2015-05-02 15:34:27,2015-05-07 15:34:27,2015-05-07 15:34:27,2015-05-10 15:34:27,2015-05-10 15:34:27
110,116,102,3,,LEGACY,2015-04-30 20:27:58,2015-05-02 15:32:56,2015-05-07 15:32:56,2015-05-07 15:32:56,2015-05-10 15:32:56,2015-05-10 15:32:56
111,117,103,3,,LEGACY,2015-04-30 21:07:15,2015-05-02 15:31:44,2015-05-07 15:31:44,2015-05-07 15:31:44,2015-05-10 15:31:44,2015-05-10 15:31:44
112,118,104,3,,LEGACY,2015-04-30 21:12:36,2015-05-02 15:30:26,2015-05-07 15:30:26,2015-05-07 15:30:26,2015-05-10 15:30:26,2015-05-10 15:30:26
113,119,105,3,,LEGACY,2015-05-01 08:43:41,2015-05-02 15:28:44,2015-05-07 15:28:44,2015-05-07 15:28:44,2015-05-10 15:28:44,2015-05-10 15:28:44
114,120,106,3,,LEGACY,2015-05-01 12:20:09,2015-05-02 15:27:11,2015-05-07 15:27:11,2015-05-07 15:27:11,2015-05-10 15:27:11,2015-05-10 15:27:11
115,121,107,3,,STALLED,2015-05-01 16:09:28,,,,,
116,122,108,3,,LEGACY,2015-05-01 17:21:10,2015-05-02 15:25:31,2015-05-07 15:25:31,2015-05-07 15:25:31,2015-05-10 15:25:31,2015-05-10 15:25:31
117,123,109,3,,LEGACY,2015-05-01 21:24:29,2015-05-02 15:24:05,2015-05-07 15:24:05,2015-05-07 15:24:05,2015-05-10 15:24:05,2015-05-10 15:24:05
118,124,110,3,,LEGACY,2015-05-02 11:06:11,2015-05-02 15:21:27,2015-05-07 15:21:27,2015-05-07 15:21:27,2015-05-10 15:21:27,2015-05-10 15:21:27
119,125,111,3,,LEGACY,2015-05-02 20:44:09,2015-05-07 10:27:51,2015-05-12 10:27:51,2015-05-12 10:27:51,2015-05-15 10:27:51,2015-05-15 10:27:51
120,126,112,3,,LEGACY,2015-05-04 19:59:27,2015-05-07 10:44:18,2015-05-12 10:44:18,2015-05-12 10:44:18,2015-05-15 10:44:18,2015-05-15 10:44:18
121,127,113,3,,LEGACY,2015-05-05 13:37:43,2015-05-07 11:27:48,2015-05-12 11:27:48,2015-05-12 11:27:48,2015-05-15 11:27:48,2015-05-15 11:27:48
122,128,114,3,,LEGACY,2015-05-07 18:23:54,2015-05-09 09:33:16,2015-05-14 09:33:16,2015-05-14 09:33:16,2015-05-17 09:33:16,2015-05-17 09:33:16
123,129,115,3,,LEGACY,2015-05-09 15:40:59,2015-05-09 15:46:05,2015-05-14 15:46:05,2015-05-14 15:46:05,2015-05-17 15:46:05,2015-05-17 15:46:05
124,130,104,3,,FAILED,2015-05-10 07:18:41,,,,,
125,131,104,3,,FAILED,2015-05-10 07:20:38,,,,,
126,132,104,3,,LEGACY,2015-05-10 07:23:06,2015-05-11 14:18:47,2015-05-16 14:18:47,2015-05-16 14:18:47,2015-05-19 14:18:47,2015-05-19 14:18:47
127,133,24,3,,FAILED,2015-05-11 08:28:38,,,,,
128,134,116,3,,STALLED,2015-05-11 08:45:09,,,,,
129,135,24,3,,STALLED,2015-05-11 08:47:42,,,,,
130,137,117,3,,STALLED,2015-05-11 08:56:45,,,,,
131,138,118,3,,LEGACY,2015-05-11 20:40:57,2015-05-14 09:10:45,2015-05-19 09:10:45,2015-05-19 09:10:45,2015-05-22 09:10:45,2015-05-22 09:10:45
132,139,119,3,,LEGACY,2015-05-13 11:41:41,2015-05-14 09:23:25,2015-05-19 09:23:25,2015-05-19 09:23:25,2015-05-22 09:23:25,2015-05-22 09:23:25
133,140,107,3,,LEGACY,2015-05-19 11:22:51,2015-05-19 12:11:50,2015-05-24 12:11:50,2015-05-24 12:11:50,2015-05-27 12:11:50,2015-05-27 12:11:50
134,141,120,3,,STALLED,2015-05-19 14:54:33,,,,,
135,142,121,3,,LEGACY,2015-05-19 15:04:35,2015-05-21 08:36:01,2015-05-26 08:36:01,2015-05-26 08:36:01,2015-05-29 08:36:01,2015-05-29 08:36:01
136,143,122,3,,LEGACY,2015-05-21 21:08:52,2015-05-22 09:36:09,2015-05-27 09:36:09,2015-05-27 09:36:09,2015-05-30 09:36:09,2015-05-30 09:36:09
137,144,123,3,,STALLED,2015-05-25 11:42:17,,,,,
138,145,123,3,,LEGACY,2015-05-25 11:47:37,2015-05-27 08:49:27,2015-06-01 08:49:27,2015-06-01 08:49:27,2015-06-04 08:49:27,2015-06-04 08:49:27
139,146,124,3,,LEGACY,2015-05-25 15:15:01,2015-05-27 10:14:38,2015-06-01 10:14:38,2015-06-01 10:14:38,2015-06-04 10:14:38,2015-06-04 10:14:38
140,147,125,3,,LEGACY,2015-05-25 18:56:21,2015-05-27 09:57:03,2015-06-01 09:57:03,2015-06-01 09:57:03,2015-06-04 09:57:03,2015-06-04 09:57:03
141,149,126,3,,LEGACY,2015-05-27 21:42:17,2015-05-28 10:24:53,2015-06-02 10:24:53,2015-06-02 10:24:53,2015-06-05 10:24:53,2015-06-05 10:24:53
142,150,127,3,,LEGACY,2015-05-29 13:42:40,2015-05-30 09:50:33,2015-06-04 09:50:33,2015-06-04 09:50:33,2015-06-07 09:50:33,2015-06-07 09:50:33
143,151,128,3,,LEGACY,2015-05-31 17:11:47,2015-06-15 08:16:30,2015-06-20 08:16:30,2015-06-20 08:16:30,2015-06-23 08:16:30,2015-06-23 08:16:30
144,152,129,3,,LEGACY,2015-05-31 18:38:22,2015-06-02 15:14:33,2015-06-07 15:14:33,2015-06-07 15:14:33,2015-06-10 15:14:33,2015-06-10 15:14:33
145,153,130,3,,LEGACY,2015-06-01 20:21:09,2015-06-04 12:15:02,2015-06-09 12:15:02,2015-06-09 12:15:02,2015-06-12 12:15:02,2015-06-12 12:15:02
146,154,131,3,,LEGACY,2015-06-02 19:37:26,2015-06-04 11:52:36,2015-06-09 11:52:36,2015-06-09 11:52:36,2015-06-12 11:52:36,2015-06-12 11:52:36
147,155,132,3,,FAILED,2015-06-05 22:30:48,,,,,
148,156,132,3,,FAILED,2015-06-05 22:34:44,,,,,
149,157,133,3,,LEGACY,2015-06-07 11:01:22,2015-06-18 11:05:41,2015-06-23 11:05:41,2015-06-23 11:05:41,2015-06-26 11:05:41,2015-06-26 11:05:41
150,158,134,3,,LEGACY,2015-06-10 21:51:10,2015-06-18 14:47:38,2015-06-23 14:47:38,2015-06-23 14:47:38,2015-06-26 14:47:38,2015-06-26 14:47:38
151,159,135,3,,LEGACY,2015-06-11 07:18:52,2015-06-18 10:54:25,2015-06-23 10:54:25,2015-06-23 10:54:25,2015-06-26 10:54:25,2015-06-26 10:54:25
152,160,136,3,,LEGACY,2015-06-13 11:07:14,2015-06-15 15:16:33,2015-06-20 15:16:33,2015-06-20 15:16:33,2015-06-23 15:16:33,2015-06-23 15:16:33
153,161,69,3,,LEGACY,2015-06-13 11:28:19,2015-06-18 09:50:10,2015-06-23 09:50:10,2015-06-23 09:50:10,2015-06-26 09:50:10,2015-06-26 09:50:10
154,162,137,3,,LEGACY,2015-06-14 19:01:19,2015-06-15 15:33:45,2015-06-20 15:33:45,2015-06-20 15:33:45,2015-06-23 15:33:45,2015-06-23 15:33:45
155,163,69,3,,LEGACY,2015-06-15 10:17:21,2015-06-18 09:49:54,2015-06-23 09:49:54,2015-06-23 09:49:54,2015-06-26 09:49:54,2015-06-26 09:49:54
156,164,138,3,,LEGACY,2015-06-24 19:33:22,2015-06-25 11:45:26,2015-06-30 11:45:26,2015-06-30 11:45:26,2015-07-03 11:45:26,2015-07-03 11:45:26
157,165,139,3,,LEGACY,2015-06-27 22:32:35,2015-06-29 09:03:57,2015-07-04 09:03:57,2015-07-04 09:03:57,2015-07-07 09:03:57,2015-07-07 09:03:57
158,166,81,3,,LEGACY,2015-07-01 07:01:08,2015-07-02 11:35:23,2015-07-07 11:35:23,2015-07-07 11:35:23,2015-07-10 11:35:23,2015-07-10 11:35:23
159,167,140,3,,LEGACY,2015-07-01 15:15:21,2015-07-03 09:34:48,2015-07-08 09:34:48,2015-07-08 09:34:48,2015-07-11 09:34:48,2015-07-11 09:34:48
160,168,141,3,,STALLED,2015-07-03 21:38:28,,,,,
161,169,142,3,,LEGACY,2015-07-04 08:39:14,2015-07-04 10:10:24,2015-07-09 10:10:24,2015-07-09 10:10:24,2015-07-12 10:10:24,2015-07-12 10:10:24
162,170,143,3,,STALLED,2015-07-04 15:34:18,,,,,
163,171,144,3,,FAILED,2015-07-06 08:24:18,,,,,
164,172,145,3,,LEGACY,2015-07-06 11:57:08,2015-07-06 15:18:22,2015-07-11 15:18:22,2015-07-11 15:18:22,2015-07-14 15:18:22,2015-07-14 15:18:22
165,173,146,3,,LEGACY,2015-07-06 13:28:07,2015-07-06 15:20:58,2015-07-11 15:20:58,2015-07-11 15:20:58,2015-07-14 15:20:58,2015-07-14 15:20:58
166,174,147,3,,LEGACY,2015-07-11 08:38:11,2015-07-11 09:44:32,2015-07-16 09:44:32,2015-07-16 09:44:32,2015-07-19 09:44:32,2015-07-19 09:44:32
167,175,148,3,,LEGACY,2015-07-12 15:42:29,2015-07-13 13:55:26,2015-07-18 13:55:26,2015-07-18 13:55:26,2015-07-21 13:55:26,2015-07-21 13:55:26
168,176,126,3,,LEGACY,2015-07-19 11:03:36,2015-07-23 10:28:06,2015-07-28 10:28:06,2015-07-28 10:28:06,2015-07-31 10:28:06,2015-07-31 10:28:06
169,177,149,3,,LEGACY,2015-07-19 12:14:03,2015-07-23 14:16:04,2015-07-28 14:16:04,2015-07-28 14:16:04,2015-07-31 14:16:04,2015-07-31 14:16:04
170,178,149,3,,LEGACY,2015-07-19 12:16:28,2015-07-23 10:45:56,2015-07-28 10:45:56,2015-07-28 10:45:56,2015-07-31 10:45:56,2015-07-31 10:45:56
171,179,150,3,,LEGACY,2015-07-21 14:07:36,2015-07-23 10:39:12,2015-07-28 10:39:12,2015-07-28 10:39:12,2015-07-31 10:39:12,2015-07-31 10:39:12
172,180,151,3,,LEGACY,2015-07-21 21:48:30,2015-07-23 10:45:34,2015-07-28 10:45:34,2015-07-28 10:45:34,2015-07-31 10:45:34,2015-07-31 10:45:34
173,181,152,3,,LEGACY,2015-07-24 14:25:30,2015-07-25 10:55:45,2015-07-30 10:55:45,2015-07-30 10:55:45,2015-08-02 10:55:45,2015-08-02 10:55:45
174,182,153,3,,LEGACY,2015-07-30 14:27:14,2015-07-31 13:38:08,2015-08-05 13:38:08,2015-08-05 13:38:08,2015-08-08 13:38:08,2015-08-08 13:38:08
175,183,154,3,,FAILED,2015-07-31 13:15:25,,,,,
176,184,154,3,,LEGACY,2015-07-31 13:17:28,2015-08-03 08:34:55,2015-08-08 08:34:55,2015-08-08 08:34:55,2015-08-11 08:34:55,2015-08-11 08:34:55
177,185,155,3,,LEGACY,2015-08-04 18:36:25,2015-08-06 09:18:45,2015-08-11 09:18:45,2015-08-11 09:18:45,2015-08-14 09:18:45,2015-08-14 09:18:45
178,186,156,3,,LEGACY,2015-08-12 13:13:01,2015-08-15 10:18:37,2015-08-20 10:18:37,2015-08-20 10:18:37,2015-08-23 10:18:37,2015-08-23 10:18:37
179,187,157,3,,LEGACY,2015-08-14 13:23:48,2015-08-15 10:31:54,2015-08-20 10:31:54,2015-08-20 10:31:54,2015-08-23 10:31:54,2015-08-23 10:31:54
180,188,158,3,,LEGACY,2015-08-17 11:22:07,2015-08-20 13:33:32,2015-08-25 13:33:32,2015-08-25 13:33:32,2015-08-28 13:33:32,2015-08-28 13:33:32
181,189,159,3,,LEGACY,2015-08-27 10:24:12,2015-08-28 18:29:10,2015-09-02 18:29:10,2015-09-02 18:29:10,2015-09-05 18:29:10,2015-09-05 18:29:10
182,190,160,3,,LEGACY,2015-08-30 18:00:56,2015-09-03 12:39:58,2015-09-08 12:39:58,2015-09-08 12:39:58,2015-09-11 12:39:58,2015-09-11 12:39:58
183,191,161,3,,LEGACY,2015-09-02 13:17:10,2015-09-03 14:02:25,2015-09-08 14:02:25,2015-09-08 14:02:25,2015-09-11 14:02:25,2015-09-11 14:02:25
184,192,162,3,,LEGACY,2015-09-03 15:34:06,2015-09-05 13:48:09,2015-09-10 13:48:09,2015-09-10 13:48:09,2015-09-13 13:48:09,2015-09-13 13:48:09
185,193,163,3,,LEGACY,2015-09-10 21:21:10,2015-09-11 12:38:15,2015-09-16 12:38:15,2015-09-16 12:38:15,2015-09-19 12:38:15,2015-09-19 12:38:15
186,194,164,3,,LEGACY,2015-09-11 09:12:24,2015-09-11 12:46:25,2015-09-16 12:46:25,2015-09-16 12:46:25,2015-09-19 12:46:25,2015-09-19 12:46:25
187,195,165,3,,LEGACY,2015-09-13 18:49:19,2015-09-17 12:25:51,2015-09-22 12:25:51,2015-09-22 12:25:51,2015-09-25 12:25:51,2015-09-25 12:25:51
188,196,166,3,,LEGACY,2015-09-28 08:20:54,2015-10-01 12:28:01,2015-10-06 12:28:01,2015-10-06 12:28:01,2015-10-09 12:28:01,2015-10-09 12:28:01
189,197,167,3,,LEGACY,2015-10-05 19:17:03,2015-10-08 14:09:38,2015-10-13 14:09:38,2015-10-13 14:09:38,2015-10-16 14:09:38,2015-10-16 14:09:38
190,198,168,3,,LEGACY,2015-10-06 08:23:00,2015-10-10 13:05:57,2015-10-15 13:05:57,2015-10-15 13:05:57,2015-10-18 13:05:57,2015-10-18 13:05:57
191,199,169,3,,LEGACY,2015-10-13 13:35:09,2015-10-13 14:20:31,2015-10-18 14:20:31,2015-10-18 14:20:31,2015-10-21 14:20:31,2015-10-21 14:20:31
192,200,170,3,,LEGACY,2015-10-13 19:17:21,2015-10-15 14:35:45,2015-10-20 14:35:45,2015-10-20 14:35:45,2015-10-23 14:35:45,2015-10-23 14:35:45
193,201,171,3,,LEGACY,2015-10-14 18:47:52,2015-10-15 15:03:41,2015-10-20 15:03:41,2015-10-20 15:03:41,2015-10-23 15:03:41,2015-10-23 15:03:41
194,202,80,3,,LEGACY,2015-10-15 19:46:54,2015-10-22 08:54:46,2015-10-27 08:54:46,2015-10-27 08:54:46,2015-10-30 08:54:46,2015-10-30 08:54:46
195,203,33,3,,PURCHASED,2015-10-17 14:40:11,,,,,
196,204,172,3,,DELIVERED,2015-10-19 10:03:39,2015-10-27 16:02:49,2015-11-01 16:02:49,2015-11-01 16:02:49,2015-11-04 16:02:49,
197,205,173,3,,LEGACY,2015-10-19 12:59:16,2015-10-22 10:29:48,2015-10-27 10:29:48,2015-10-27 10:29:48,2015-10-30 10:29:48,2015-10-30 10:29:48
198,206,172,3,,FAILED,2015-10-21 14:55:22,,,,,
199,207,172,3,,PURCHASED,2015-10-21 15:07:38,,,,,
200,208,172,3,,DELIVERED,2015-10-21 15:27:45,2015-10-27 16:19:12,2015-11-01 16:19:12,2015-11-01 16:19:12,2015-11-04 16:19:12,
201,209,174,3,,SHIPPED,2015-10-25 18:19:13,2015-10-29 11:13:18,2015-11-03 11:13:18,,2015-11-06 11:13:18,
202,210,175,3,,SHIPPED,2015-10-28 19:08:45,2015-10-29 11:23:12,2015-11-03 11:23:12,,2015-11-06 11:23:12,
203,211,176,3,,SHIPPED,2015-10-29 13:48:51,2015-10-29 15:53:12,2015-11-03 15:53:12,,2015-11-06 15:53:12,
204,212,177,3,,PURCHASED,2015-10-29 20:34:35,,,,,
205,213,178,3,,SHIPPED,2015-10-31 11:37:51,2015-10-31 13:07:07,2015-11-05 13:07:07,,2015-11-08 13:07:07,
206,214,179,3,,PURCHASED,2015-10-31 11:42:46,,,,,
207,215,180,3,,PURCHASED,2015-11-01 09:28:18,,,,,
208,216,181,3,,PURCHASED,2015-11-01 18:35:10,,,,,
209,217,182,3,,PURCHASED,2015-11-02 09:06:30,,,,,
210,218,183,3,,PURCHASED,2015-11-02 12:13:33,,,,,
